;id;operator
0;734402;Agip
1;1228781;BP
2;5702030;
3;5702071;Avia
4;8082505;
5;17407058;Shell
6;27069561;SOCAR Energy Switzerland
7;27125026;Tresch Automobile
8;29881492;Shell (Switzerland)
9;29881496;
10;29882004;
11;29885121;
12;30011079;
13;33127154;
14;33157581;
15;33593043;
16;34026947;
17;34026948;
18;34026949;
19;34078845;Migrol
20;35684995;Agrola
21;36724756;BP
22;47744371;Coop Mineraloel
23;52741787;Shell (Switzerland)
24;54754456;
25;55275762;
26;56237356;Post
27;59185470;AVIA
28;73124669;Migrol
29;81321511;
30;82462301;Avia
31;82462303;
32;83423432;
33;83424882;Avia Osterwalder Zürich
34;84513888;
35;86035999;Agip
36;89266715;Landi Oberwiggertal
37;94628702;Shell (Switzerland)
38;95582040;
39;98838885;Coop Mineraloel
40;98838886;SOCAR Energy Switzerland
41;98838887;
42;101392168;
43;102726613;Migrol
44;102728438;
45;103096904;A.H. Meyer & Cie
46;103102957;
47;110964235;
48;111247327;Migrol
49;111247401;Coop Service
50;125683037;BP
51;130216563;Avia
52;130216565;Shell
53;130216566;BP
54;135633811;Migrol
55;148213917;Avia
56;148466650;Shell (Switzerland)
57;148466654;Shell (Switzerland)
58;153289980;Coop Mineraloel
59;171100087;
60;179047160;Tankstelle Svabic
61;182812681;
62;190344999;BP
63;194647104;Coop
64;201387216;Coop Mineraloel
65;206380323;
66;207089654;
67;208814607;
68;213320801;
69;220030470;
70;220830818;Migrol
71;243881645;
72;244479991;
73;246650988;Migrol
74;247345256;Agip
75;247697427;Avia
76;247702040;Migrol
77;247702174;Migrol
78;247702175;
79;248973336;
80;249500787;SOCAR Energy Switzerland
81;251364446;Coop Mineraloel
82;251364447;Migrol
83;251364453;Garage Krapf AG
84;251364454;AMAG
85;251540984;
86;253239439;Shell
87;254289007;
88;255007349;Coop Mineraloel
89;256221360;
90;256757662;Tamoil
91;257281284;
92;257282729;
93;258875594;
94;260443215;Migrol
95;261741477;
96;262931005;
97;263923036;Shell (Switzerland)
98;264065504;Garage Hans Odermatt AG
99;264073160;
100;264378536;Agrola
101;264529525;
102;264530018;
103;264610443;
104;264771144;Migrol
105;264794355;Coop Mineraloel
106;264889459;
107;264940312;Schätzle AG
108;265569040;
109;265627180;Migrol
110;265718046;Miniprix
111;265823655;Coop
112;266285284;SOCAR Energy Switzerland
113;266285329;
114;266542839;BP
115;266542840;
116;266542843;
117;266561086;
118;266825152;
119;266953468;A.H. Meyer & Cie
120;267053552;
121;267053810;Eni
122;267053813;Agip
123;267211865;BP
124;267212190;
125;267924554;
126;268469414;
127;268742610;
128;268892714;
129;268893437;
130;269050377;private
131;269059096;
132;269120240;Shell (Switzerland)
133;269304240;
134;269304246;Shell
135;269423023;Bereuter
136;269450517;Coop Mineraloel
137;269654731;Migrol
138;269665687;
139;269952262;Shell
140;270051291;Shell
141;270156438;
142;270288402;Agrola
143;270288802;
144;270505837;
145;271223009;
146;272631681;
147;272725604;
148;273223793;Migrol
149;273529123;Renault / Peugeot Minipix TS
150;273529124;Tamoil
151;274077459;HK
152;274592567;Migrol
153;274678779;SOCAR Energy Switzerland
154;274716746;
155;274815548;Karl Graf Automobile AG
156;274978894;
157;274980462;
158;274980463;Migrol
159;274980567;
160;275422339;Ostring Garage Lack AG
161;275746833;
162;276021507;
163;276047520;BP
164;276047521;BP
165;276068551;
166;276414834;
167;276602502;BP
168;277469389;SOCAR Energy Switzerland
169;277755862;
170;278205001;SOCAR Energy Switzerland
171;278205018;avia
172;278232271;
173;278792162;Migrol
174;279311963;
175;279370610;
176;279909825;Shell (Switzerland)
177;280348868;
178;280528115;Migrol
179;281282674;BP
180;281283867;BP
181;281284025;
182;281284791;Tamoil
183;281286146;ECSA Energy SA - Station de service BP
184;281290981;BP
185;281291631;Shell
186;281571963;
187;281761432;Socar
188;282180757;AGIP
189;282439888;
190;282458392;
191;283045787;
192;283181019;Migrol
193;283201896;
194;283213549;
195;284931676;Shell
196;286048215;SOCAR Energy Switzerland
197;286056220;AGIP
198;286059665;Imholz Autohaus
199;286059992;
200;286059993;
201;286478967;
202;286596987;
203;286770232;Socar
204;286782225;
205;286879558;Landi
206;286879677;
207;286904870;Agip
208;287320953;
209;287630914;
210;288557316;Avia
211;288740214;P. Wyssmann
212;289150440;AVIA
213;290798270;
214;291415329;SOCAR Energy Switzerland
215;291637079;
216;291769933;
217;292331528;
218;292341684;
219;292356897;Garage Fischbach GmbH
220;292362274;
221;292507777;Shell
222;292626676;BP
223;292626689;
224;292626690;
225;293011493;Shell
226;293030011;
227;293254091;Shell
228;293585451;Coop Mineraloel
229;293609533;
230;294055540;Migrol
231;294055589;Avia
232;295747025;Socar
233;296253069;Coop
234;296941470;Avia Vereinigung
235;296990388;Migrol
236;297027382;
237;297070232;Esso
238;297302039;
239;297938369;Shell
240;297993545;AVIA
241;298042177;Grisard
242;298154525;Tamoil
243;298681614;AVIA
244;298715804;Schweizer Armee
245;298856019;sikkens
246;298873230;Socar
247;299207655;
248;299311915;
249;299363864;
250;299364634;Shell
251;299752761;
252;299813447;Voegtlin-Meyer
253;299813627;
254;300418712;A.H. Meyer & Cie
255;300514678;SOCAR Energy Switzerland
256;300514679;Migrol
257;301208147;
258;301407672;
259;301467582;
260;303314859;
261;303699177;
262;303844420;
263;303903676;
264;304014558;Tamoil
265;304917714;SOCAR Energy Switzerland
266;304992273;Schätzle
267;304993060;
268;305469317;
269;305469322;SOCAR Energy Switzerland
270;305701426;Avia Osterwalder Zürich
271;305707837;SOCAR Energy Switzerland
272;305765115;MACRO SWISS ENERGY AG
273;305765123;
274;306231847;
275;306498031;Shell
276;307028624;Migrol
277;307121153;
278;307121156;Migrol
279;307363530;Coop Mineraloel
280;307661791;
281;307662123;
282;307669315;
283;307695032;AVIA
284;307698374;BP
285;307776683;
286;307821699;
287;308075661;Migrol
288;308077581;
289;308632636;Aebi Suisse SA
290;309112387;
291;309425295;
292;309431866;Migrol
293;309431882;HK
294;309433866;Tamoli
295;309765158;Socar
296;309956444;Shell
297;309956446;Shell
298;309986668;Migrol
299;310091786;
300;310205995;
301;310299936;SOCAR Energy Switzerland
302;310314796;SOCAR Energy Switzerland
303;310390136;
304;310567715;
305;310668275;LANDI Buchrain
306;310668277;Avia
307;310875963;Migrol
308;311097320;Avia
309;311185159;BP
310;311252839;
311;311252842;
312;311319045;Migrol
313;311976893;Moveri
314;312012092;Migrol
315;312365830;Shell
316;312468153;Tamoil
317;312630282;
318;313192016;Landi
319;313268393;Shell (Switzerland)
320;313783389;
321;315513529;Avia
322;315538029;
323;315538104;Gebrüder Knecht
324;315599575;
325;316022671;
326;316022885;
327;316080571;
328;316878199;
329;317022081;Agrola
330;317038642;Juragarage-Peter
331;317044955;Coop Mineraloel AG
332;317044957;Shell (Switzerland)
333;317044958;BP
334;317045478;
335;317828998;BP
336;317829000;
337;317829065;
338;318306689;BP
339;318410355;Migrol
340;318647877;BP
341;319114593;BP
342;319463995;
343;319504511;Tamoil
344;320040835;Coop Mineraloel
345;320040876;Ruedi Rüssel
346;320182673;Migrol
347;321271634;
348;321362564;
349;321679040;Socar
350;321853683;
351;321854756;Avia
352;321855166;
353;322009546;
354;322061464;Agip
355;322913188;
356;323236561;Avia
357;324343384;
358;324648649;Migrol
359;325054969;
360;325787263;
361;325851832;
362;327282170;Migrol
363;327446985;
364;328060238;
365;330142805;BP
366;331317250;Migrol
367;331337817;
368;331589251;
369;333739192;
370;333771406;Coop Mineraloel
371;334002482;Coop
372;334005113;
373;335477010;
374;335958350;SOCAR Energy Switzerland
375;336019729;Coop Mineraloel
376;336601485;
377;338639819;Avia Osterwalder Zürich
378;339612237;
379;339612238;
380;339631367;H.P. Breitschmid
381;339631500;Automobile Reichenbach
382;339957313;Avia
383;340321987;BP
384;340381113;Migrol
385;341961288;
386;343087168;Migrol
387;344194669;Shell (Switzerland)
388;344522057;Auto Pfister AG
389;345154356;Agip
390;345328505;
391;345519391;
392;346269257;Landi
393;346365679;
394;346406523;AVIA
395;347351831;Agip
396;347672312;BP
397;349171294;Shell
398;349196976;Agrola
399;351947075;
400;351947126;
401;351947210;
402;351947522;
403;351961987;Shell
404;352786909;Tamoil
405;353011599;SOCAR Energy Switzerland
406;353452474;BP
407;353452484;Shell
408;353452488;AVIA
409;354407155;BP
410;354548408;Tamoil
411;354593878;Eni
412;354593932;
413;354633686;Coop
414;354695628;
415;354850051;
416;354850309;
417;354850557;
418;355232174;Avia
419;355357953;
420;356029176;
421;356056801;Migrol
422;356056962;Agrola
423;357231393;MIGROL
424;357231546;
425;357276942;Esso
426;357276951;BP
427;357276994;
428;357286346;
429;357299631;Socar
430;357299672;Shell
431;357299691;
432;357299708;BP
433;357312943;
434;357329286;BP
435;357561863;
436;360435741;Agip
437;362795202;
438;362798141;Avia Osterwalder Zürich
439;363884758;
440;363928734;Eurocenter
441;363928741;Eurocenter
442;363928771;Migrol
443;364148994;
444;364779474;Ruedi Rüssel
445;364805890;
446;364961808;
447;364961811;Shell
448;364961818;Avia
449;365933996;Coop Mineraloel
450;366112327;Migrol
451;366590214;Avia
452;366785529;
453;367085722;Shell
454;367851970;Shell
455;367994870;
456;368286682;Migrol
457;368594195;Migrol
458;369574530;Coop
459;370163795;Les Charmettes
460;370171159;Miniprix
461;370171694;
462;370171946;
463;370319481;
464;370382413;Shell
465;370410554;
466;370440105;Shell
467;370573101;
468;370661427;Migrol
469;370661435;Migrol
470;370683552;
471;370683555;
472;370746834;Avia Osterwalder Zürich
473;370811535;
474;370940073;
475;371009114;Migrol
476;371216706;Migrol
477;371407454;
478;371739009;
479;372813112;
480;372974864;
481;373004907;Tamoil
482;373280989;
483;373457098;
484;373461342;Tamoil
485;373802828;
486;374188679;
487;374570733;Haenggi Brennstoffe AG
488;375944474;
489;377012210;Migrol
490;377078146;
491;378210954;Combusta
492;378854352;
493;378876538;
494;379083000;
495;379559846;Shell
496;379559862;
497;379583597;Avia
498;382447070;
499;383176619;
500;384800467;Combusta
501;385677191;
502;385677192;
503;385677199;
504;387439306;
505;388110913;Coop Mineraloel
506;388120351;
507;388172758;Garage Hürlimann
508;389611796;Tamoil
509;390009439;Brechtbühl
510;391376413;
511;391448263;
512;392016059;Avia
513;394819519;Avia
514;394822057;
515;399464701;
516;400879398;Eni
517;401610876;Avia
518;407913989;BP Service
519;408430808;
520;409482527;
521;409708659;Avia
522;410652571;
523;410724179;Tamoil
524;410724759;Tamoil
525;410725357;BP
526;410725587;Tamoil
527;410844750;
528;410849153;Shell
529;411002426;Tamoil
530;411567767;
531;411872585;
532;412098237;Coop Mineraloel
533;412723837;Esso
534;412739768;
535;412772914;
536;412775821;
537;412779720;AGROLA
538;412780674;
539;413332243;
540;413482557;
541;414665937;Tamoil
542;415651478;
543;418006104;
544;418016506;Agip
545;418028689;AGIP
546;418190212;
547;418361738;
548;418364681;Migrol
549;418364926;
550;418952812;Shell
551;419793549;
552;419877172;
553;420347109;
554;420437934;Shell
555;420580644;BP
556;421941395;Agrola
557;421981859;Coop Mineraloel AG
558;423352403;
559;427921820;
560;428467234;
561;428720432;Mini-Prix
562;428876091;
563;428933773;
564;429161254;
565;429360387;
566;429658553;
567;430264022;Hänggi Brennstoffe AG
568;430399623;Kessler Betriebe AG
569;430444348;
570;430460537;
571;430480451;
572;430829372;BP
573;430829373;Hänggi Brennstoffe AG
574;430842487;Peter Brechtbühl AG
575;430905343;Migrol
576;431206375;Eni
577;432296457;
578;432296458;
579;432615367;Garage Sulzer
580;433463274;Esso
581;433569065;
582;435573454;Coop Mineraloel
583;438227914;
584;439704540;
585;440817437;
586;440817438;LANDI Oberrheintal Genossenschaft
587;440848081;
588;440891382;BP
589;441134960;
590;441595897;BP
591;441890755;
592;442497825;
593;442529871;
594;442592745;
595;442642800;Coop
596;442642801;BP
597;442642802;
598;442642803;redfoxoil GmbH
599;442661254;Migrol
600;443006443;
601;443886188;
602;444007678;Coop Mineraloel
603;444292241;
604;444888965;oeltrans
605;447307830;Socar
606;447307833;Shell
607;448165771;
608;448167734;
609;448294810;Agip
610;448548898;Tamoil
611;448941789;Shell
612;449186802;
613;450602355;Shell
614;450602362;Migrol
615;450602365;Shell
616;450602370;Tamoil
617;450651181;
618;450939177;Coop Mineraloel
619;454092350;Tamoil
620;454582491;Landi
621;454582502;
622;455338428;BP
623;456381234;
624;457333487;Avia
625;457679934;
626;459174387;Coop Mineraloel
627;460886548;
628;461141504;
629;461145223;
630;461616874;
631;461764800;Migrol
632;467092484;
633;467136838;
634;469414029;BP
635;470530851;bp
636;471127240;Esso
637;472703202;
638;474405088;Garage Bandieri
639;474732274;
640;474764443;
641;474982856;A.H. Meyer & Cie
642;475204226;Esso
643;475921797;Shop and More AG
644;476032346;Shell
645;477074193;Tamoil
646;477406986;
647;480320550;Avia Osterwalder Zürich
648;482113363;
649;482156451;
650;482159115;
651;482161521;
652;482163882;
653;482164256;
654;482693687;Agip
655;486059774;Shell
656;486060424;
657;488053482;Restoshop S.A.
658;492088256;
659;492088403;
660;492088728;
661;492090571;
662;492090693;
663;495554607;
664;495554609;Coop Mineraloel
665;495750394;Coop Pronto
666;497240616;
667;497784329;SOCAR Energy Switzerland
668;499595107;
669;503445080;
670;503621496;SOCAR Energy Switzerland
671;505816846;
672;506123910;
673;506655898;Avia
674;506878648;Avia
675;514558190;Migrol
676;514598842;Avia
677;519720101;Avec
678;526689408;TCS
679;526993017;
680;533864350;Shell (Switzerland)
681;533864890;
682;534826542;Migrol
683;534836242;
684;536852872;AVIA
685;538469861;Agrola
686;539543939;
687;539553039;Shell
688;540595237;
689;540750897;
690;542360398;Avia
691;542416037;Avia Osterwalder Zürich
692;546863964;Tamoil
693;549072799;Avia
694;550238619;
695;551693548;Herr Bieri
696;559179878;
697;559179881;
698;559179882;Migrol
699;559763141;Agrola
700;559767599;
701;560106261;
702;560114663;
703;560391019;
704;561464109;Tamoil
705;563050310;
706;563266345;BP
707;563266349;Avia
708;563266351;
709;563266368;Avia
710;563266401;Avia
711;564782369;Coop
712;565569932;
713;565569934;
714;566182962;SOCAR Energy Switzerland
715;567263410;
716;568048266;
717;569351197;
718;573368452;Migrol
719;574844723;Agrola
720;574847059;
721;575172150;Coop Mineraloel
722;578221549;SOCAR Energy Switzerland
723;582575103;
724;582823240;
725;583411720;SOCAR Energy Switzerland
726;584797716;Rudi Rüssel
727;587984451;Schreinerei Schüpbach
728;589783503;
729;597414574;A.H. Meyer & Cie
730;597703700;Fritz Wey
731;597703746;Mercedes-Benz
732;598161461;Avia
733;599261559;
734;599551371;Coop
735;599765353;Coop Mineraloel AG
736;599930980;
737;600158726;
738;600529778;Migrol
739;602689055;Migrol
740;608491928;
741;610438795;Hotel Central
742;610450736;
743;610523132;
744;611057606;Migrol
745;611086591;A. Bürgi AG
746;612768908;Landi Zug
747;613341711;Agrola
748;613341712;
749;613341713;Tamoil
750;613343774;MiniPrix
751;613344818;Spurt
752;613344819;Tamoil
753;613346387;
754;613372013;Charmettes
755;614591922;Avia
756;614925304;
757;615926568;
758;616090346;Agrola
759;616098456;Miniprix
760;616255725;Agip
761;616280572;Coop Mineralöl AG
762;617264153;
763;617311047;
764;622512664;
765;623257608;Garage Sulser AG
766;623260650;
767;623872891;Agrola
768;625275843;
769;627048168;Nasa
770;632362719;
771;634105867;
772;634168057;
773;634456810;
774;634456823;
775;635764780;Energie Wasser Bern
776;638460775;
777;639124030;Avia
778;640061094;Tamoil
779;640061098;Avia
780;641086412;Tamoil
781;641170583;Coop
782;641252985;Oel-Pool AG
783;641289168;
784;641898421;Turm Kaffee
785;643000477;
786;643000482;Agrola
787;645523977;
788;654084765;
789;654507963;Auto Mirer AG
790;655019999;Garage Berset
791;655163017;Migrol
792;658588675;
793;658952529;
794;660450821;Burg & Holzmätteli Tankstellen AG
795;661493618;Shell
796;662858693;AVIA
797;663079734;Charmettes
798;663151349;
799;663205656;
800;663608023;
801;665533327;
802;666391084;
803;667277732;Landi Aarau-West
804;667278164;
805;668845217;
806;679057788;Auto Wyder
807;686939916;ESCA Centonze
808;686939964;Avia
809;687012474;SOCAR
810;687534736;
811;687752291;
812;687752317;
813;689203211;LANDI Frila
814;690532466;Garage Pfenniger AG
815;691356568;Wyssbrod Heizöl AG
816;694328678;Avia
817;694572836;TL
818;696657243;Avia
819;698881444;Ruedi Tinner AG
820;698881600;Shell (Switzerland)
821;700178508;
822;700178560;
823;701550963;
824;701652156;ESCA Centonze
825;701671099;Tamoil
826;701735044;Indipend.
827;702422600;
828;704348032;BP
829;704994300;
830;705005322;
831;713981283;
832;726850050;Coop Mineraloel
833;727434779;Mini-Prix
834;732044511;TAMOIL
835;732108642;
836;732108654;
837;734869663;Avia
838;734879882;Agrola
839;740484383;
840;745283443;Mini Prix
841;745958693;BP
842;746707045;Shell
843;746707068;Avia
844;746707073;Agip
845;746707079;Combustia
846;746707088;Shell
847;746737260;BP
848;747389413;Agrola
849;757365679;Ruedi Rüssel
850;758437538;
851;759831992;Avia
852;761492246;
853;765330262;BP
854;767892667;Agrola
855;769056366;Migrol
856;769788287;
857;769788355;Charmettes
858;769788379;Charmettes
859;769817319;Mini Prix
860;771144383;Migrol
861;771221358;Migrol
862;771363263;
863;772564165;
864;772564166;
865;773554425;
866;773905094;
867;775345890;Rudolf Günthardt AG
868;775540478;Agrola
869;775540515;Shell
870;775938665;
871;776975625;Landi-Bachtel
872;778541365;Avia
873;778592193;
874;783778702;
875;783958365;Agrola
876;785515374;
877;795605999;
878;798867374;
879;800657455;Agip
880;805122639;Coop-Pronto
881;805177092;
882;805177111;City
883;806387974;
884;806388027;
885;806655564;
886;810111212;
887;812858865;Agrola
888;814092498;
889;815705041;
890;820927325;
891;820927341;
892;820927357;
893;827610265;
894;828145645;
895;829492817;
896;834687489;Tamoil
897;836191228;
898;836844286;
899;836844290;
900;836844313;Shell
901;836868794;Migrol
902;838967717;Schweizer Armee
903;847850701;Avia
904;848484172;Avia
905;849037882;Comune di Sonogno
906;850468864;freie
907;850629471;Coop
908;851335831;
909;856769114;
910;858391133;patoil
911;858928210;Schätzle AG
912;860155609;
913;860423930;Coop
914;861343529;Shell
915;861491599;BP
916;861682957;AVIA
917;861682982;BP
918;865160661;Migrol
919;867337856;Agrola
920;867731827;
921;869106823;
922;869304912;Schlossgarage Seengen
923;870702643;
924;870717790;
925;872980408;AVIA
926;872980858;
927;874226827;BP
928;874380737;
929;875365969;
930;876403608;A.H. Meyer & Cie
931;881239152;Grenacher
932;884923624;Franz Schulthess
933;886099076;Peugeot
934;886099078;
935;886523893;Indipend.
936;894602267;Shell
937;897687154;
938;897930772;
939;898008622;Migrol
940;898008646;Ruedi Russel
941;898008652;Oeltrans
942;898008653;Agrola
943;899266012;Flamol
944;899266029;Oeltrans
945;901272805;
946;903623217;
947;905812406;Shell
948;909070466;
949;910361190;Tamoil
950;913688031;
951;914435375;
952;914791674;tamoil
953;917123981;
954;918635498;
955;919443818;Agrola
956;919564460;
957;920135499;Ri
958;921835954;BP
959;922262714;
960;925664468;LANDI Sense
961;926307636;oeltrans
962;926367587;oeltrans
963;926471416;Shell
964;926471432;Migrol
965;926942122;Avia Osterwalder Zürich
966;927182599;LANDI
967;928545561;Migrol
968;930927146;Mini Prix
969;933733064;
970;935187372;
971;935831675;
972;935831690;Wehntaler Autoservice
973;935832538;A.H. Meyer & Cie
974;936772253;Migrol
975;938274837;
976;939637420;
977;941902425;
978;943479483;
979;945468337;
980;948341016;Agrola
981;955760539;
982;956494164;Avia
983;965867266;
984;965894250;Oel-Pool AG
985;969251925;Shell
986;970843021;Semes Automobile
987;973614064;Garage Fisch
988;973614249;Garage Keller AG
989;979180799;
990;988280430;SOCAR Energy Switzerland
991;989019171;
992;989929488;
993;997576722;
994;1002580653;Tamoil
995;1003452651;
996;1004434937;
997;1005690808;Garage Kocher AG
998;1005732659;Agrola
999;1005732665;
1000;1008617454;Garage Yersin
1001;1008899786;
1002;1008973306;
1003;1010474279;Shell
1004;1019965180;
1005;1033691216;CaTa-Shop GmbH
1006;1038655555;
1007;1043570734;
1008;1043645162;
1009;1043645236;
1010;1066532173;Agrola
1011;1066847210;Agrola
1012;1069757909;
1013;1070743614;
1014;1075588444;Coop Mineraloel
1015;1077316888;
1016;1077316889;
1017;1077327023;
1018;1083458072;BP
1019;1088750855;
1020;1094601314;
1021;1103883235;
1022;1103883300;
1023;1106092642;
1024;1115940413;Wuest
1025;1120204918;LGG
1026;1127562692;Coop Mineraloel AG
1027;1127936732;
1028;1128241825;
1029;1135616539;Tamoil
1030;1139545893;
1031;1141268738;
1032;1143341483;
1033;1143341486;shell
1034;1143341489;
1035;1148678388;
1036;1149570590;
1037;1152714854;
1038;1154421295;Coop Mineraloel AG
1039;1158234087;
1040;1158236623;
1041;1164681118;
1042;1167954322;
1043;1167954379;ECSA Ernergy SA
1044;1168557364;
1045;1168557417;
1046;1169057575;
1047;1171138347;
1048;1178015381;
1049;1187844560;Shell et Migrol Service
1050;1191627169;
1051;1191627198;Shell
1052;1207862061;
1053;1209090865;
1054;1210602994;LANDI Zimmerberg
1055;1210603014;H. P. Styger
1056;1228109353;
1057;1237726505;
1058;1238265211;
1059;1240203805;
1060;1244934614;
1061;1247814011;
1062;1258330247;
1063;1260264402;
1064;1262550302;Ruedi Rüssel
1065;1263586134;
1066;1264969070;
1067;1268685995;Motorex
1068;1277433290;BP
1069;1277577619;OIL! Tankstellen AG
1070;1279673078;Mini Prix
1071;1283828394;Shell
1072;1291755365;
1073;1298160841;Station-Shop de la Côte
1074;1298163196;
1075;1298163197;
1076;1298163198;
1077;1298314336;
1078;1299328892;
1079;1301131017;
1080;1305217859;
1081;1305217876;
1082;1309304726;
1083;1322341728;Coop
1084;1323307013;
1085;1323716729;
1086;1325892702;Shell
1087;1332641756;
1088;1332817871;
1089;1334897806;
1090;1335581379;
1091;1336568359;
1092;1337143769;
1093;1337181865;
1094;1337471849;
1095;1338801659;Migrol
1096;1339704369;Migrol
1097;1340200200;migrol
1098;1341487957;
1099;1341959506;Tamoil
1100;1341959530;Piccadilly
1101;1342602152;
1102;1345283575;
1103;1346035179;
1104;1348212458;
1105;1349293145;ewl energie wasser luzern
1106;1350936246;
1107;1358046462;Volg
1108;1360531820;
1109;1361319683;
1110;1361319687;
1111;1363040120;Migrol
1112;1363477917;Voegtlin-Meyer AG
1113;1363673570;Shell Schweiz
1114;1366349899;
1115;1366703127;Landi ZOLA
1116;1371793708;
1117;1374825644;
1118;1375339404;
1119;1377911375;
1120;1384275456;Oeltrans AG
1121;1384810775;Föry Barmettler AG
1122;1389429452;
1123;1392528909;
1124;1394802434;
1125;1395851528;
1126;1406942836;BP
1127;1412124748;
1128;1413185616;
1129;1414475090;
1130;1415764702;
1131;1419909556;
1132;1420719145;
1133;1420780413;Agip
1134;1420918679;Frères Jubin
1135;1422954797;
1136;1422954808;Migrol
1137;1422954837;
1138;1423830742;BP
1139;1424445722;
1140;1424941577;
1141;1426129681;Coop Mineraloel
1142;1426549996;Garascha Bass
1143;1427978267;
1144;1428094165;SOCAR Energy Switzerland
1145;1428113830;
1146;1428115688;
1147;1430762218;
1148;1433008313;Avia
1149;1435448154;SOCAR Energy Switzerland
1150;1435634107;
1151;1435664669;
1152;1436158482;Coop Mineraloel
1153;1436591403;
1154;1437292725;
1155;1437292813;
1156;1437637798;
1157;1447082247;
1158;1447469399;
1159;1453005631;
1160;1461962575;
1161;1468247342;
1162;1477153734;
1163;1477153788;
1164;1477740586;
1165;1477747675;Landi Sursee
1166;1478083069;
1167;1479486531;Avia
1168;1485039698;BP
1169;1487761567;Migrol
1170;1488703647;Migrol
1171;1488717329;Avia Osterwalder Zürich
1172;1488738142;Migrol
1173;1492328346;
1174;1492836194;
1175;1492865481;Shell (Switzerland)
1176;1493474970;Migrol
1177;1493475034;
1178;1500284210;
1179;1500284220;
1180;1502042337;
1181;1511296723;
1182;1513964564;
1183;1515923598;Migrol
1184;1519488377;Eni
1185;1525269396;
1186;1528037438;
1187;1531318125;Ruedi Rüssel
1188;1535109278;Tamoil
1189;1565389568;Wuest Garage
1190;1565389577;Landi Sursee
1191;1569833060;Tamoil
1192;1569835418;Shell
1193;1571348229;oil
1194;1571348249;
1195;1575815197;Seegarage Gersau AG
1196;1575826679;
1197;1576589330;
1198;1578335950;Agrola
1199;1580502878;Moveri
1200;1580768457;Oeltrans
1201;1580983584;Bruno Trittibach
1202;1581079919;
1203;1581546464;Avia
1204;1589840892;
1205;1599440400;
1206;1600999173;
1207;1606216660;Agrola
1208;1612813249;Shell Schweiz
1209;1618073109;Maloja Garage
1210;1618108349;Coop Mineraloel
1211;1618141590;Coop Mineraloel
1212;1619031481;
1213;1626641320;
1214;1626642255;
1215;1630419348;
1216;1631244460;Opel Blaser
1217;1631257567;Migrol
1218;1634241007;
1219;1634936911;BP
1220;1635962535;Migrol
1221;1639422734;
1222;1640520321;
1223;1652920891;
1224;1654280142;
1225;1656300744;
1226;1661217443;
1227;1662051350;Shell
1228;1666766811;
1229;1670547822;
1230;1671829688;
1231;1672589193;BP
1232;1672589198;Avia
1233;1673041871;
1234;1673041877;
1235;1673091430;
1236;1673270469;LANDI Säntis AG
1237;1674661390;Coop Mineraloel
1238;1685063933;
1239;1685703885;
1240;1686173227;Landi
1241;1689325383;
1242;1689402740;
1243;1696273321;Migrol
1244;1701490048;BP
1245;1702809007;Agip
1246;1703403835;
1247;1704406678;
1248;1705772304;
1249;1708066596;
1250;1708066637;
1251;1713381442;
1252;1721705361;
1253;1723238711;
1254;1726210994;
1255;1732050905;
1256;1732449803;Migrol
1257;1735141082;Lenzlinger Söhne AG
1258;1735767936;Garage Elmiger AG
1259;1737759646;
1260;1741863727;
1261;1742477103;Migrol
1262;1743453105;
1263;1743982428;
1264;1748438481;
1265;1751724559;
1266;1753928832;
1267;1757030057;
1268;1757030067;
1269;1757030068;
1270;1759660491;Tommy C. Halter GmbH
1271;1760001122;
1272;1768343014;
1273;1769240597;Migrol
1274;1769277686;Coop Mineraloel
1275;1771290405;
1276;1773647684;Schweizer Armee
1277;1775233553;Avia
1278;1781591093;Agrola
1279;1782050608;
1280;1783699678;
1281;1786093958;
1282;1788289746;
1283;1791294272;SOCAR Energy Switzerland
1284;1792415841;
1285;1792505775;
1286;1794416479;Migrol
1287;1798164480;Agrola
1288;1799498562;SOCAR Energy Switzerland
1289;1799498563;
1290;1799498564;
1291;1799498565;
1292;1799563805;
1293;1799563820;
1294;1799563831;
1295;1800052853;
1296;1800185500;
1297;1800185501;
1298;1801451377;LANDI Diemtigtal Genossenschaft
1299;1808635564;
1300;1808929549;
1301;1808929562;
1302;1809757329;Voegtlin-Meyer
1303;1814601989;Migrol
1304;1816824536;Migrol
1305;1816824547;wwz
1306;1816824579;
1307;1817496220;Migrol
1308;1817527603;Migrol
1309;1819439499;Landi
1310;1826340597;
1311;1826381833;Migrol
1312;1826382176;
1313;1827364426;
1314;1828569947;Oeltrans
1315;1828945449;
1316;1829783287;Landi Rottal-Napf
1317;1831920497;Coop
1318;1835275007;
1319;1835275018;
1320;1835326126;
1321;1835614800;
1322;1841751147;
1323;1842989342;
1324;1843138084;
1325;1843378639;Migrol
1326;1845304513;Landi
1327;1845461046;
1328;1854831311;
1329;1855735182;
1330;1856395645;
1331;1856809564;
1332;1856810715;
1333;1861700285;Strüby Automobile AG
1334;1862816967;
1335;1869703878;
1336;1874196802;
1337;1876085656;
1338;1882056112;Avia
1339;1882065880;
1340;1884922207;
1341;1886547907;
1342;1886562579;
1343;1889486988;
1344;1891089861;
1345;1896270896;A.H. Meyer & Cie
1346;1907628745;
1347;1907628749;
1348;1911583677;
1349;1911715216;Coop
1350;1914679918;
1351;1921976248;Eni
1352;1923272905;
1353;1923314905;
1354;1924177999;Avia Osterwalder Zürich
1355;1933343179;Tamoil
1356;1933689564;Mini-prix
1357;1936459890;
1358;1944924400;
1359;1946091623;
1360;1946159866;
1361;1946159902;
1362;1949179157;Garage Petrillo & Scalia
1363;1949535717;Agrola
1364;1953487290;Viamala Raststätte Thusis AG
1365;1960477734;
1366;1960490981;
1367;1961638543;
1368;1962314078;
1369;1974443739;Tamoil
1370;1975299928;
1371;1975546345;Migrol
1372;1976789584;Migrol
1373;1976898678;Migrol
1374;1976917024;
1375;1977209660;
1376;1979812153;eni
1377;1980956473;
1378;1981714666;
1379;1990017207;
1380;1994208081;LANDI Frila
1381;1997617203;
1382;1997878114;
1383;2001651040;
1384;2002786093;Shell
1385;2011278133;Agrola
1386;2012119527;Moveri
1387;2020021665;
1388;2025508669;
1389;2030250496;Avia Osterwalder Zürich
1390;2030813794;
1391;2031025592;Grünau-Garage B. Leu AG
1392;2031629039;
1393;2037405840;
1394;2037405848;
1395;2038180365;
1396;2038180380;Migrol
1397;2044313034;
1398;2046481746;
1399;2046481751;
1400;2049498641;BP
1401;2063703190;
1402;2065639858;RhyOEL AG
1403;2069906938;
1404;2069997188;Jubin
1405;2071461249;Landi
1406;2074771409;Migrol
1407;2074771410;
1408;2080030876;
1409;2082083945;Migrol
1410;2082609517;
1411;2082727575;
1412;2083474708;
1413;2083533372;
1414;2087629938;Ruedi Rüssel
1415;2088172705;
1416;2088194516;
1417;2092730377;
1418;2095138401;
1419;2096697080;
1420;2097846632;
1421;2100516385;Landi Marthalen
1422;2104399786;Renault
1423;2105399667;
1424;2109027261;LANDI Sarganserland AG
1425;2114895058;Centralgarage Sursee
1426;2117800705;
1427;2118341249;
1428;2118960427;
1429;2123681572;Migrol
1430;2124172546;Avia Osterwalder Zürich
1431;2126510762;Fenaco
1432;2131610848;
1433;2140022268;
1434;2142586966;Oeltrans
1435;2142689748;
1436;2147081061;
1437;2147658991;
1438;2147659002;
1439;2147659003;
1440;2147659029;
1441;2147659038;
1442;2148225705;
1443;2150131795;Coop Mineraloel
1444;2150408119;
1445;2155061576;
1446;2164514676;
1447;2166058868;
1448;2166192091;
1449;2172529283;
1450;2173294557;Moser
1451;2175225825;
1452;2183596691;Agrola
1453;2184457029;
1454;2184457034;
1455;2185610249;Migrol
1456;2186095416;
1457;2186282617;
1458;2193310580;
1459;2194325506;
1460;2194509641;
1461;2194955245;
1462;2196373061;
1463;2214821219;SOCAR Energy Switzerland
1464;2232036984;
1465;2233923218;
1466;2251949254;agrola
1467;2251949258;avia
1468;2262032671;Esso
1469;2262032672;
1470;2267251447;
1471;2269508086;
1472;2269694276;
1473;2276702417;Shell (Switzerland)
1474;2279775523;
1475;2287987550;
1476;2290342093;Agrola
1477;2290610240;SOCAR Energy Switzerland
1478;2290630900;
1479;2290630916;
1480;2290833403;BP
1481;2293738942;
1482;2293739390;
1483;2294128749;LANDI ArcJura SA
1484;2296075721;
1485;2298168567;
1486;2301905696;
1487;2306589625;
1488;2310133319;Migrol
1489;2319855981;
1490;2320567716;TankStop ANDEX
1491;2320614539;
1492;2321097739;
1493;2321655387;Landi
1494;2322343951;
1495;2330954312;Hanna Zwygart
1496;2331983439;
1497;2335894968;
1498;2338458360;
1499;2342240617;Coop Mineraloel
1500;2342240672;Garage Nyffeler
1501;2342241222;
1502;2344276924;
1503;2344545324;
1504;2344551128;
1505;2345647636;
1506;2353751972;
1507;2353769640;
1508;2354711911;
1509;2354765092;
1510;2356946043;
1511;2357532576;Migrol
1512;2360399537;Piz-Aul Garage
1513;2362215334;Landi
1514;2367298772;Garage Piz-Aul
1515;2369236534;
1516;2371367682;
1517;2376309412;
1518;2377108626;Mini Prix
1519;2383717270;
1520;2385204503;Ruedi Rüssel
1521;2386691625;
1522;2386732538;
1523;2387341805;
1524;2388339711;
1525;2389917394;
1526;2392081646;
1527;2392657652;Moveri
1528;2392657658;Migrol
1529;2396021638;
1530;2398699864;
1531;2399540626;
1532;2400839575;
1533;2400839607;
1534;2400839628;
1535;2400839640;Coop
1536;2402540485;Coop
1537;2405452663;BP
1538;2407208403;
1539;2407228024;
1540;2408165665;
1541;2415883969;
1542;2416781612;
1543;2417622006;
1544;2417651105;
1545;2418251995;
1546;2418870049;
1547;2427892651;
1548;2430389779;Agrola
1549;2432632982;Epper Sursee AG
1550;2432632983;
1551;2433663082;BP
1552;2446828004;
1553;2450501370;
1554;2451555558;
1555;2451962794;
1556;2452165861;
1557;2452165875;
1558;2452165885;
1559;2452165888;
1560;2452165892;
1561;2463639260;Wesag Auto AG
1562;2463639822;Tamoil
1563;2464246505;
1564;2466323687;Voegtlin-Meyer, Aumattstrasse 2, CH-5210 Windisch
1565;2468529775;
1566;2468696425;
1567;2469122824;
1568;2469124932;
1569;2471120934;unknown
1570;2472551713;
1571;2472551725;
1572;2472551726;
1573;2477003262;
1574;2477003268;
1575;2477003483;
1576;2479965161;Coop Mineraloel
1577;2480248159;
1578;2492271906;
1579;2492760745;
1580;2498353735;Garage des Rocs SA
1581;2499977968;
1582;2502417847;
1583;2506241323;
1584;2507487722;
1585;2510201358;
1586;2511874387;
1587;2511896139;
1588;2513636432;
1589;2522474456;
1590;2522474461;
1591;2522474533;
1592;2549317450;
1593;2563389409;Coop Mineraloel
1594;2563389449;
1595;2563389451;
1596;2563389452;
1597;2571051411;Agrola
1598;2576637297;Coop Mineraloel
1599;2576639883;Coop Mineraloel
1600;2576641031;Coop
1601;2576644569;Coop Mineraloel
1602;2576974605;Zürcher
1603;2581670449;MIGROL
1604;2582641124;
1605;2586371626;
1606;2589391996;
1607;2594087411;
1608;2594087412;SOCAR Energy Switzerland
1609;2594087414;BP
1610;2595120167;A.H. Meyer & Cie
1611;2600727479;Migrol
1612;2603091588;NASA TS GmbH
1613;2608602835;
1614;2610776667;
1615;2610953110;Landi Bubendorf (Gasmobil)
1616;2611932131;AVIA
1617;2613273097;
1618;2613273100;Shell
1619;2613649986;Agrola
1620;2617018692;Coop Mineraloel
1621;2617018701;
1622;2619423727;LV St. Gallen
1623;2619516259;
1624;2629117545;
1625;2629117546;
1626;2629123779;Migrol
1627;2630940607;
1628;2630944453;
1629;2633729038;Coop Mineraloel
1630;2633729039;Bernhard Automobile AG
1631;2637205219;
1632;2638832219;Avia
1633;2639107872;
1634;2639179352;
1635;2643475964;Avia
1636;2647325839;Schweizer Armee
1637;2647362281;Autohaus Stalder AG
1638;2648339595;
1639;2674580997;Landi
1640;2684731477;Avia
1641;2694195855;
1642;2696218096;
1643;2696717531;
1644;2697748656;Rigoni & Co
1645;2702363178;
1646;2703041969;
1647;2705742343;
1648;2715681249;Freie Tankstelle
1649;2715702282;
1650;2720687666;LANDI Stäfa-Männedorf AG
1651;2722873137;
1652;2725280247;
1653;2727215234;
1654;2728425457;
1655;2741686844;A.H. Meyer & Cie
1656;2742294821;CHF and EURO cash, CHF for CB (fees)
1657;2750770889;AVIA
1658;2765456786;
1659;2765456793;
1660;2770619405;
1661;2770619414;
1662;2770646240;
1663;2770662276;
1664;2772125416;
1665;2775832578;Coop Mineraloel
1666;2788676807;Coop Mineraloel
1667;2789398878;
1668;2799282091;Piccadilly
1669;2800588923;Avia Osterwalder Zürich
1670;2805987100;
1671;2810537327;Combustia
1672;2814508847;
1673;2818759393;BP
1674;2843821734;
1675;2859767833;
1676;2875065823;Gustoil Zuchwil
1677;2878451891;Oel-Hauser
1678;2878749413;
1679;2888195234;Migrol
1680;2889088814;
1681;2892492106;Jubin SA
1682;2896395511;
1683;2897051075;
1684;2898503502;Garage Montani SA
1685;2909134584;
1686;2917008797;Coop Pronto
1687;2930698122;Landi Sursee
1688;2930698123;Landi Sursee
1689;2938775995;
1690;2942625760;
1691;2942625922;
1692;2942626264;
1693;2945900336;Migrol
1694;2946664684;
1695;2948518931;
1696;2949154839;LANDI Oberbalm, Genossenschaft
1697;2953816992;Fred Eggenberg AG
1698;2964066018;Agrola
1699;2965051132;
1700;2969139664;
1701;2969139675;
1702;2971729334;
1703;2989553634;A.H. Meyer & Cie
1704;2996245733;A.H. Meyer & Cie
1705;2998400214;
1706;2998617955;
1707;3007661969;LANDI Mels
1708;3009125956;
1709;3013065716;
1710;3020031800;
1711;3021904258;Tamoil
1712;3022093738;
1713;3028802264;
1714;3030232000;BP
1715;3030586928;Tamoil
1716;3030689545;Eni
1717;3033193237;
1718;3036859522;
1719;3040046068;Eni
1720;3041821374;
1721;3056266301;
1722;3071458539;Tamoil
1723;3076893967;
1724;3077453742;
1725;3084903258;
1726;3086649249;Duetto Automobile
1727;3086652027;
1728;3096177968;
1729;3118575543;
1730;3121224677;Grisard
1731;3123715104;
1732;3123717286;
1733;3123717295;Combustia
1734;3135208633;Migrol
1735;3149979018;
1736;3166577286;
1737;3175013666;Avia
1738;3181785924;
1739;3196705172;
1740;3197502313;
1741;3203084549;
1742;3206147458;Migrol
1743;3223654510;
1744;3224540989;
1745;3238083467;
1746;3240926807;LANDI Bern-West Genossenschaft
1747;3244693565;Lagerhaus Lohn AG
1748;3244693566;
1749;3247531547;
1750;3266767364;Piccadilly
1751;3267258368;
1752;3274467749;
1753;3279865553;Socar
1754;3280639461;
1755;3284696980;
1756;3284697002;
1757;3287567839;
1758;3293439029;Coop Mineraloel
1759;3323077484;
1760;3323135069;
1761;3323135070;Migrol
1762;3323135073;Eni
1763;3323135074;
1764;3323135077;Piccadilly
1765;3323135078;
1766;3323135079;Piccadilly
1767;3323135080;Piccadilly
1768;3323135082;Piccadilly SA
1769;3323135083;Piccadilly
1770;3323135085;Socar Energy Switzerland GmbH
1771;3323135086;Tamoil
1772;3323135089;Piccadilly
1773;3323252277;
1774;3334481475;
1775;3338200230;
1776;3338569750;
1777;3338569753;
1778;3346518654;
1779;3346541546;
1780;3356135743;
1781;3357984510;Agip
1782;3358399930;
1783;3358815725;
1784;3358829209;
1785;3358829214;
1786;3358834640;Migrol
1787;3358844941;Migrol
1788;3358844942;Migrol
1789;3358847506;
1790;3358847509;Coop Mineraloel
1791;3358848067;Migrol
1792;3367972858;Miniprix
1793;3373195693;Shell (Switzerland)
1794;3376582843;Migrol
1795;3384690532;Socar Energy Switzerland GmbH
1796;3385874251;Coop Mineraloel
1797;3387987645;
1798;3389972644;Piccadilly
1799;3392227810;
1800;3397616183;Migrol
1801;3401699023;AVIA
1802;3416564162;Piccadilly
1803;3423757177;Hergol
1804;3424601911;
1805;3443513113;
1806;3452107451;
1807;3465183252;
1808;3499725468;
1809;3501375811;
1810;3517072075;
1811;3532674147;Agrola
1812;3536981998;
1813;3546174756;Coop Mineraloel
1814;3546818007;
1815;3553554148;
1816;3554639200;Coop
1817;3554639202;
1818;3556535496;ECSA
1819;3556535497;
1820;3556535498;
1821;3571196998;
1822;3576197245;Eni
1823;3577237919;IP
1824;3577237924;Piccadilly
1825;3578306158;Coop Mineraloel AG
1826;3578360626;Coop Mineraloel AG
1827;3581798593;
1828;3590377277;
1829;3590384048;
1830;3595071630;Landi
1831;3599872150;Migrol
1832;3618403643;
1833;3619938082;Tamoil
1834;3619958668;
1835;3620863237;A.H. Meyer & Cie
1836;3624467104;
1837;3630833653;
1838;3632876338;
1839;3639341622;
1840;3639341641;
1841;3640295271;
1842;3640398500;
1843;3646443415;Voegtlin-Meyer AG
1844;3654662924;
1845;3655247409;
1846;3657089816;Esca
1847;3660772643;
1848;3660847528;Shell (Switzerland)
1849;3664846103;
1850;3666276313;Migrol
1851;3667591177;Mercedes-Benz Aarau Rohr
1852;3670745823;
1853;3675329979;
1854;3676208121;SOCAR Energy Switzerland
1855;3683619190;Migrol
1856;3684333715;
1857;3688226672;Coop
1858;3698907014;
1859;3698907015;
1860;3699868733;
1861;3700013891;
1862;3701697556;
1863;3701926343;
1864;3709205775;
1865;3711872285;
1866;3717722792;
1867;3725298785;
1868;3725780316;Hürstwald Garage
1869;3725889088;
1870;3725889090;
1871;3725889091;
1872;3725889092;
1873;3725889093;
1874;3725892839;
1875;3725902823;
1876;3725904325;
1877;3730065081;
1878;3752045763;
1879;3752045764;
1880;3766123215;
1881;3768196581;
1882;3773241559;
1883;3773259057;
1884;3773259058;
1885;3779403542;migros
1886;3779580857;
1887;3779587759;
1888;3783431065;Avia
1889;3790817939;
1890;3796957666;Moveri
1891;3810110865;Migrol
1892;3815984133;
1893;3822092434;BP
1894;3826204629;Moveri
1895;3826204630;Migrol
1896;3829948112;
1897;3831529409;
1898;3831821557;Coop Mineraloel
1899;3833323678;Shell (Switzerland)
1900;3836514597;
1901;3843591892;
1902;3843591893;
1903;3843591905;
1904;3843591906;
1905;3849962497;
1906;3856077382;Avia Osterwalder Zürich
1907;3857051059;
1908;3870732123;Garage du Repuis
1909;3872780480;Agrola
1910;3873500007;Migrolino
1911;3875574430;
1912;3902614699;Migrol
1913;3904951019;
1914;3910778136;Coop
1915;3913188274;
1916;3926865068;
1917;3926865071;
1918;3957129672;
1919;3960828719;
1920;3973532513;
1921;3986844671;Landi
1922;3991254087;
1923;4003557922;
1924;4031748743;Essebi Garage SA
1925;4040977956;
1926;4058250841;
1927;4062268285;
1928;4071715490;
1929;4072287092;
1930;4077197252;Avia Osterwalder Zürich
1931;4081300238;Auto Jäger AG
1932;4088695339;Schweizer Armee
1933;4088701801;Schweizer Armee
1934;4088712038;Schweizer Armee
1935;4088731206;Schweizer Armee
1936;4088745689;Schweizer Armee
1937;4088761639;Schweizer Armee
1938;4088761840;Schweizer Armee
1939;4088879639;Schweizer Armee
1940;4088879676;Schweizer Armee
1941;4088923696;Schweizer Armee
1942;4088931569;Schweizer Armee
1943;4088976020;Schweizer Armee
1944;4088998702;Schweizer Armee
1945;4089001640;Armée suisse
1946;4089011903;Schweizer Armee
1947;4089017613;Schweizer Armee
1948;4089028880;Schweizer Armee
1949;4089035400;Schweizer Armee
1950;4089041537;Schweizer Armee
1951;4089053385;Schweizer Armee
1952;4089066496;Schweizer Armee
1953;4089070715;Schweizer Armee
1954;4089076989;Schweizer Armee
1955;4089096059;Schweizer Armee
1956;4090435103;Schweizer Armee
1957;4090464289;Schweizer Armee
1958;4090465707;Schweizer Armee
1959;4090470229;Schweizer Armee
1960;4090470990;Schweizer Armee
1961;4090478031;Schweizer Armee
1962;4090484292;Schweizer Armee
1963;4094946573;Schweizer Armee
1964;4094954025;Schweizer Armee
1965;4094994191;Schweizer Armee
1966;4095702167;Schweizer Armee
1967;4095710989;Schweizer Armee
1968;4095716098;Schweizer Armee
1969;4095857965;Schweizer Armee
1970;4095864393;Schweizer Armee
1971;4095874621;Schweizer Armee
1972;4095885839;Schweizer Armee
1973;4095892754;Schweizer Armee
1974;4095901422;Schweizer Armee
1975;4095913148;Schweizer Armee
1976;4095924863;Schweizer Armee
1977;4095934505;Schweizer Armee
1978;4095957368;Schweizer Armee
1979;4096759731;Schweizer Armee
1980;4096807530;Schweizer Armee
1981;4096851895;Schweizer Armee
1982;4097127005;Schweizer Armee
1983;4097134493;Schweizer Armee
1984;4097159292;Schweizer Armee
1985;4097236717;Schweizer Armee
1986;4097292416;Schweizer Armee
1987;4097298894;Schweizer Armee
1988;4097309412;Schweizer Armee
1989;4097312135;Schweizer Armee
1990;4097315197;Schweizer Armee
1991;4097316481;Schweizer Armee
1992;4101219399;
1993;4105524510;
1994;4107323973;
1995;4110508143;
1996;4127859166;SOCAR Energy Switzerland
1997;4137864679;
1998;4137864686;
1999;4138760987;
2000;4139299712;
2001;4139299723;
2002;4140928289;
2003;4144203889;Coop
2004;4153950189;
2005;4163251498;Horben Garage
2006;4169107328;
2007;4169328572;
2008;4171946430;
2009;4171946441;
2010;4171946464;Strähl Käse AG
2011;4172108921;
2012;4174452024;Fenaco
2013;4178961089;Fryand / Migrolino
2014;4187685218;
2015;4195551923;
2016;4200366010;LSGL
2017;4205766538;
2018;4219343922;Tamoil
2019;4228845595;Landi Eulachtal
2020;4233225589;
2021;4243869743;
2022;4250994336;
2023;4251315310;
2024;4251315312;
2025;4256047103;
2026;4271097393;
2027;4280190277;AVIA Vereinigung
2028;4294130732;
2029;4301202055;
2030;4303177352;Migrol
2031;4303177353;
2032;4312489291;AVIA Osterwalder AG
2033;4322098887;Migrol
2034;4331258566;
2035;4339744894;
2036;4342415812;Basler Verkehrsbetriebe
2037;4348503505;
2038;4350047189;Eni
2039;4350048126;
2040;4353163721;Migrol
2041;4354051014;
2042;4358768290;
2043;4369399352;
2044;4370216210;
2045;4371209291;
2046;4374630790;
2047;4374647078;
2048;4374661802;
2049;4374734392;
2050;4375752130;
2051;4379763130;
2052;4383628051;Agrola
2053;4385865153;Grenacher SA
2054;4392474889;
2055;4402337074;AVIA
2056;4406030790;Compagnie In
2057;4406033390;Cosvegas
2058;4406082693;
2059;4412050012;
2060;4424238921;
2061;4426163090;
2062;4433552056;
2063;4435238292;Avia Osterwalder Zürich
2064;4449389700;Avia
2065;4449629543;EMPA
2066;4462489136;
2067;4468375295;
2068;4469087332;
2069;4469637892;Shell (Switzerland)
2070;4471002503;
2071;4483819293;
2072;4490580195;
2073;4498351089;Ruedi Rüssel
2074;4506298182;Sportgarage Meyer AG
2075;4513800807;
2076;4521490965;
2077;4532798983;
2078;4539629205;
2079;4555025465;
2080;4560218843;
2081;4561938178;Migrol
2082;4568980639;
2083;4571341542;
2084;4574572612;
2085;4584155691;Coop Mineraloel
2086;4594228957;
2087;4595204262;
2088;4599603764;
2089;4612312492;
2090;4617951385;Stiffler Immobilien AG
2091;4626325925;
2092;4639517313;
2093;4639517344;
2094;4640531856;
2095;4690791242;AVIA
2096;4697887291;Coop Mineraloel
2097;4697941146;Avia
2098;4719655690;
2099;4730835508;Landi See AG
2100;4736427919;
2101;4740888851;Th. Willy
2102;4745883536;
2103;4747343116;
2104;4770994506;
2105;4770994507;
2106;4778868523;
2107;4779034521;
2108;4794080208;Coray
2109;4811194246;
2110;4820137498;SOCAR Energy Switzerland
2111;4820137500;SOCAR Energy Switzerland
2112;4820601025;Shell (Switzerland)
2113;4820601027;Migrol
2114;4820601028;Migrol
2115;4820646304;Shell
2116;4820646305;Shell (Switzerland)
2117;4820646306;
2118;4828232529;Avia Osterwalder Zürich
2119;4833061686;Avia Osterwalder Zürich
2120;4833061688;A.H. Meyer & Cie
2121;4833061689;A.H. Meyer & Cie
2122;4833061690;Avia Osterwalder Zürich
2123;4847777858;Coop Mineraloel
2124;4858136837;
2125;4862382977;
2126;4874628427;
2127;4875461021;
2128;4877012124;
2129;4881321621;
2130;4906686362;
2131;4908650221;
2132;4909119028;Migrol
2133;4911281322;
2134;4931267322;Regionalwerke AG Baden
2135;4932308537;
2136;4934580331;
2137;4935127595;
2138;4935133533;
2139;4935627363;Nasa
2140;4940994898;Eni
2141;4959639284;
2142;4969901431;
2143;4970198222;Migrol
2144;4985353144;Energie Service Biel
2145;4988501321;
2146;4989129994;
2147;4990819212;
2148;4997840521;Agrola
2149;5000075190;
2150;5018103221;
2151;5019801223;
2152;5025942525;
2153;5026260721;
2154;5032062867;
2155;5036721253;
2156;5046195421;
2157;5047593047;
2158;5056322715;
2159;5057709536;
2160;5060356108;
2161;5061305988;
2162;5067529943;BP
2163;5084007910;
2164;5094331487;Frères Jubin
2165;5105726212;
2166;5118373197;Coop Mineraloel AG
2167;5124348129;
2168;5124384532;Migrol
2169;5125381698;
2170;5159526087;
2171;5165148129;
2172;5165148133;
2173;5165572653;
2174;5170933717;Coop Genossenschaft
2175;5186077451;Feuz
2176;5192332363;BP
2177;5193792846;Küng AG Bern
2178;5194330171;
2179;5197705030;
2180;5197977000;A.H. Meyer & Cie
2181;5197977001;A.H. Meyer & Cie
2182;5210513723;
2183;5211134027;
2184;5211134029;
2185;5219377578;Avia
2186;5242262577;
2187;5245851786;
2188;5256182279;Combustia
2189;5256316188;
2190;5258126478;
2191;5272123446;Migrol
2192;5272123447;SOCAR Energy Switzerland
2193;5272123448;Shell (Switzerland)
2194;5272123457;
2195;5281995076;
2196;5286491814;
2197;5312143039;AGROLA
2198;5312558978;Coop Mineraloel
2199;5321664526;Agrola
2200;5327249121;Peter Brechtbühl AG
2201;5336400778;
2202;5336410697;
2203;5336973838;Coop
2204;5336973857;Agip
2205;5338678441;
2206;5348845699;BP
2207;5349792184;
2208;5357761037;Coop Mineraloel
2209;5359286417;
2210;5361583710;
2211;5370227721;
2212;5370227722;
2213;5370500872;Avia Osterwalder Zürich
2214;5372787108;
2215;5372787884;
2216;5375798859;
2217;5412045769;
2218;5412554744;
2219;5420548552;
2220;5434396547;Shell (Switzerland)
2221;5438021361;
2222;5438021375;
2223;5458717846;
2224;5464829035;Coop Mineraloel
2225;5487048154;
2226;5487138376;
2227;5487138933;
2228;5488634095;
2229;5488634101;Migrol
2230;5488634114;
2231;5488634116;
2232;5488634117;
2233;5488634723;
2234;5488634726;
2235;5488634738;SOCAR Energy Switzerland
2236;5489790800;
2237;5514327803;
2238;5514875835;Avia Osterwalder Zürich
2239;5514885103;
2240;5519650888;
2241;5528778830;Shell
2242;5531293140;
2243;5541390740;MP Biodiesel
2244;5542504235;Engadin Bus
2245;5552618122;
2246;5577256076;
2247;5579134459;
2248;5582940854;Hess
2249;5615208385;
2250;5628344433;
2251;5634621236;Miniprix
2252;5656793621;
2253;5656793721;
2254;5670394821;
2255;5678614593;Stadt Zürich
2256;5681773880;
2257;5705934073;
2258;5708612525;
2259;5716124616;Garage des Plantys
2260;5718417508;
2261;5721083669;Avia Osterwalder Zürich
2262;5721083673;Oskar Bader's Erben
2263;5744118451;
2264;5746033457;Migrol
2265;5746437131;
2266;5747534240;Esso
2267;5761628590;SOCAR Energy Switzerland
2268;5761634422;
2269;5761683573;
2270;5776944239;
2271;5777824921;
2272;5778436755;
2273;5786868853;CERN
2274;5793347332;
2275;5801936256;
2276;5810729647;
2277;5841671044;
2278;5854422023;
2279;5859362243;
2280;5873752911;Garage Kaufmann AG
2281;5905797678;
2282;5905797683;
2283;5922298164;
2284;5924411446;BP
2285;5924878034;
2286;5927470460;
2287;5940499368;Migrol
2288;5948084114;
2289;5948764220;
2290;5949227115;
2291;5954425429;
2292;5961692300;
2293;5968334800;
2294;5989533166;
2295;6002697604;
2296;6002697605;
2297;6010865073;
2298;6051671827;
2299;6051671832;
2300;6052931654;
2301;6069054884;
2302;6076240798;
2303;6088224395;
2304;6088844211;
2305;6090147784;
2306;6104266824;
2307;6109275785;Agrola
2308;6109419085;Coop
2309;6111365297;
2310;6111365298;
2311;6120031542;
2312;6152961334;
2313;6165583983;
2314;6171424585;
2315;6172667887;
2316;6177659238;Migrol
2317;6180364746;
2318;6180769025;Säntis Energie
2319;6184251915;
2320;6184252057;
2321;6184579379;
2322;6193616973;Landi
2323;6199021685;Sandro Ehrbar
2324;6214401205;
2325;6216963685;
2326;6223284379;Garage Bolli
2327;6233652366;
2328;6233652367;
2329;6243050151;
2330;6243074754;
2331;6251318201;
2332;6253517961;
2333;6275148234;
2334;6301355684;
2335;6316884771;
2336;6320502728;
2337;6326773386;
2338;6328386301;Hess AG Zollikofen
2339;6340573497;
2340;6367818185;
2341;6372520434;
2342;6376754191;
2343;6389192666;
2344;6404970685;
2345;6407345181;Landi Bachtel
2346;6431135289;
2347;6434199505;
2348;6443603892;
2349;6454393592;
2350;6461054588;
2351;6466301764;
2352;6466435960;Coop Mineraloel
2353;6480377280;El Rolbanito
2354;6485025085;Coop Mineraloel
2355;6503094668;
2356;6504630732;
2357;6512147358;Mérillat Mazout SA
2358;6530443337;
2359;6530444717;
2360;6536906986;Garage Oberalp
2361;6584592532;Landi Obfelden
2362;6603380443;
2363;6611751135;
2364;6613039261;
2365;6631024141;
2366;6680253709;BP
2367;6681758290;
2368;6690913647;Post
2369;6700752605;
2370;6700826348;
2371;6703441119;
2372;6762373476;
2373;6774918763;MACRO SWISS ENERGY AG
2374;6779296606;
2375;6796486568;
2376;6812900280;Migrol
2377;6835510255;Garage Marti AG
2378;6853724786;
2379;6858204330;
2380;6868334960;
2381;6869927506;
2382;6869927508;
2383;6870084947;
2384;6871040108;
2385;6874188877;
2386;6875534651;
2387;6877267134;
2388;6877687313;
2389;6877726982;
2390;6877899832;
2391;6881273113;
2392;6886005035;
2393;6887869020;
2394;6893086547;
2395;6899769189;
2396;6916065079;
2397;6949608209;
2398;6983767347;
2399;7003233349;Avia Osterwalder Zürich
2400;7021621077;
2401;7051810399;
2402;7058350886;Migrol
2403;7064077373;Coop Mineraloel
2404;7088159116;
2405;7096350846;
2406;7105143246;
2407;7111931002;SOCAR Energy Switzerland
2408;7124256385;Coop Mineraloel
2409;7129021552;
2410;7140147908;Granpremiogomme
2411;7159893353;
2412;7169643795;
2413;7180524077;
2414;7181832094;
2415;7188187260;
2416;7212592985;Maurice Greangean
2417;7216902618;
2418;7219104975;
2419;7227684701;Migrol
2420;7234871003;
2421;7235474663;
2422;7283569729;SOCAR Energy Switzerland
2423;7319282794;
2424;7352171273;BP
2425;7358597529;SOCAR Energy Switzerland
2426;7360125203;Garage Marcel Wyder
2427;7390911007;
2428;7403418119;A.H. Meyer & Cie
2429;7419682648;
2430;7419682650;Migrol
2431;7443294871;
2432;7444398176;Landi
2433;7463799585;Migrol
2434;7473300628;Coop Mineraloel
2435;7515746721;
2436;7522442385;
2437;7522442485;
2438;7527143796;
2439;7546196795;Avia
2440;7549225407;Garage Linder
2441;7549225408;Garage Gasser
2442;7590744179;
2443;7598222946;
2444;7600258535;Coop Mineraloel
2445;7600260673;Coop Mineraloel
2446;7600279693;Coop Mineraloel
2447;7600324461;Coop Mineraloel
2448;7600332343;Coop Mineraloel
2449;7600356612;Coop Mineraloel
2450;7600391895;Coop Mineraloel
2451;7600435654;Coop Mineraloel
2452;7603656814;
2453;7606126485;
2454;7643943887;
2455;7649685748;
2456;7673857088;SOCAR Energy Switzerland
2457;7673864020;Migrol
2458;7674184801;Migrol
2459;7680137105;
2460;7682857071;SOCAR Energy Switzerland
2461;7682864190;SOCAR Energy Switzerland
2462;7682902458;Migrol
2463;7683096203;Migrol
2464;7684921023;Shell (Switzerland)
2465;7702297267;SOCAR Energy Switzerland
2466;7702874122;SOCAR Energy Switzerland
2467;7703029466;SOCAR Energy Switzerland
2468;7704856269;Migrol
2469;7706911945;Migrol
2470;7706952223;Migrol
2471;7707275593;Migrol
2472;7707526738;Migrol
2473;7710511664;Migrol
2474;7710695297;Migrol
2475;7710911042;Migrol
2476;7710912979;Migrol
2477;7710938451;Migrol
2478;7710975140;Migrol
2479;7710986564;Migrol
2480;7761067547;Coop Mineraloel
2481;7765697299;
2482;7776671931;Paupe Station SA
2483;7784009538;
2484;7788196025;
2485;7797574860;
2486;7798693088;
2487;7830137785;
2488;7830722251;AutoDaPosta
2489;7855087037;
2490;7855094421;
2491;7897609235;
2492;7903295171;
2493;7904036275;
2494;7906538121;
2495;7914281885;
2496;7922806895;Shell (Switzerland)
2497;7923664286;
2498;7940332961;
2499;7944269385;
2500;7944269485;
2501;7945556109;
2502;7976103204;Osterwalder St. Gallen AG
2503;8009892659;
2504;8011299886;
2505;8011299887;
2506;8015746577;
2507;8042153992;Agrola
2508;8047894497;
2509;8050268168;
2510;8091536612;
2511;8103961457;
2512;8112296024;
2513;8140040906;
2514;8143654398;
2515;8143698924;
2516;8151175308;
2517;8168277323;Shell (Switzerland)
2518;8174535549;
2519;8191417545;
2520;8195983410;
2521;8198230979;Tamoil
2522;8262631150;
2523;8262954422;
2524;8278567115;Lenzlinger Söhne AG
2525;8283191345;
2526;8283191346;
2527;8296551625;Voegtlin-Meyer
2528;8308068118;
2529;8308068119;
2530;8308068120;
2531;8308068121;
2532;8308068122;
2533;8308068217;
2534;8308068218;
2535;8308068220;
2536;8308068317;Mini Prix
2537;8308068318;
2538;8308068417;
2539;8308068517;
2540;8308068518;
2541;8308068617;Shell
2542;8311303429;
2543;8311524949;
2544;8349863451;
2545;8357790358;
2546;8406421688;
2547;8422020064;
2548;8478613548;Avia
2549;8483997191;Coop
2550;8486421102;Regio Energie Solothurn
2551;8489542151;
2552;8489547481;
2553;8528145299;Bütikofer
2554;8539689215;
2555;8544380874;
2556;8568950563;
2557;8569355617;
2558;8614666888;
2559;8658071193;LANDI Buchberg Rüdlingen
2560;8708689896;
2561;8714466441;Agrola
2562;8745217408;
2563;8781440145;
2564;8809275654;
2565;8816913332;
2566;8821677686;
2567;8831061035;
2568;8862668023;
2569;8863909474;Coop Mineraloel
2570;8872977825;Agip
2571;8886970113;
2572;8894409499;
2573;8897241656;
2574;8897803330;BP
2575;8901334846;Autoland Reust AG
2576;8920626404;
2577;8922195925;
2578;8923044561;
2579;8930755050;Tanner Oel
2580;8963692502;
2581;8975252778;
2582;8990082844;
2583;9005199657;
2584;9025347030;Agrola
2585;9028879510;
2586;9032304502;
2587;9032714705;
2588;9032746232;
2589;9034117746;
2590;9038994452;
2591;9040067319;
2592;9043472190;
2593;9043505782;
2594;9050155305;
2595;9069374017;
2596;9069769511;
2597;9074742122;
2598;9080804160;
2599;9081607347;LANDI Graubünden AG
2600;9094989413;
2601;9097117332;Erpot Winterthur
2602;9098957627;
2603;9101412647;
2604;9102042648;
2605;9106167326;
2606;9115798551;
2607;9120590724;Auto-Center Benno Müller
2608;9149969124;
2609;9168386810;
2610;9255380791;
2611;9267465681;
2612;9267711019;
2613;9267750693;
2614;9267950391;
2615;9274607020;
2616;9285352215;
2617;9289206906;
2618;9303633585;
2619;9309047141;
2620;9349521108;
2621;9404456365;
2622;9408619653;
2623;9417474043;
2624;9420034735;Coop Mineraloel
2625;9421932696;
2626;9424019827;
2627;9424019829;
2628;9465566396;
2629;9534195025;
2630;9543449501;
2631;9545730709;Auto-Haus Bowil
2632;9547965320;
2633;9555646299;
2634;9597538969;
2635;9600677418;
2636;9682129079;
2637;9687983298;
2638;9705296338;
2639;9768345585;
2640;9775806410;
2641;9784023917;Shell
2642;9788864247;Agrola
2643;9795472545;
2644;9822086386;Kreuzgarage Eggerstanden AG
2645;9823820576;Eduard Waldburger AG
2646;9837839917;
2647;9846257247;Tamoil
2648;9864304769;
2649;9873256042;
2650;9890010911;
2651;9903724144;
2652;9909993062;
2653;9913053661;
2654;9914493264;
2655;9914493267;
2656;9915244118;
2657;9916685635;
2658;9922434457;BP
2659;9931250917;
2660;9931694417;
2661;9938824490;Coop
2662;9942407242;
2663;9949277157;
2664;9949283932;
2665;9950963590;Red Fox Oil
2666;9960238434;
2667;9965475815;
2668;9965923028;
2669;9967850151;
2670;9983081873;
2671;9995677989;
2672;9997181589;ecsa
2673;10031143191;
2674;10031156992;
2675;10052226162;
2676;10052272014;
2677;10052272015;
2678;10068851677;
2679;10075204701;
2680;10080554886;
2681;10080554887;
2682;10081431035;
2683;10087517221;
2684;10100981031;
2685;10104394347;
2686;10106228306;
2687;10119084857;
2688;10125913623;Coop
2689;10129914295;
2690;10148228397;
2691;10160267814;Tamoil
2692;10167697119;Tamoil
2693;10178629981;
2694;10184300017;
2695;10184308617;
2696;10225937410;
2697;10229045903;
2698;10239196021;
2699;10247624431;
2700;10251388827;
2701;10251448694;
2702;10254598355;
2703;10259118070;
2704;10266055340;
2705;10266055344;
2706;10284494736;
2707;10292982081;Centre de l'île
2708;10293612864;Shqiprim Salihu
2709;10295608325;Schneider AG
2710;10297337892;Migros
2711;10301090417;
2712;10301090422;Coop
2713;10302641193;
2714;10371748183;Combustia SA
2715;10539012266;Midland AG Hunzenschwil
2716;10577618898;
2717;10584053766;
2718;10588981463;
2719;10592141971;
2720;10592396705;
2721;10594105906;
2722;10594373271;
2723;10598764329;SBB
2724;10649533003;
2725;10678234782;
2726;10692702753;
2727;10692840962;Sprenger AG
2728;10701492029;
2729;10706845164;
2730;10707802410;
2731;10735410458;
2732;10778337376;
2733;10778637635;
2734;10779404861;
2735;10819794959;
2736;10853978005;
2737;10857051770;
2738;10873466298;
2739;10875228533;
2740;10895857002;Garage Steiner
2741;10922072279;
2742;10924914755;Gebr. Hürlimann AG
2743;10933576878;
2744;10949343842;
2745;10963324378;Bolliger AG
2746;10982335805;
2747;11002965308;
2748;11011989907;
2749;11022607283;
2750;11023179026;
2751;11030760094;
2752;11033130851;
2753;11042949086;
2754;11042949158;
2755;11046161442;
2756;11047768568;Garage Amstad AG
2757;11062916975;
2758;11064486156;
2759;11069339336;Schweizer Armee
2760;11076106730;
2761;11115100067;
2762;11118897541;
2763;11118919303;
2764;11143314072;
2765;11183642660;Coop
2766;11185679536;
2767;11247572502;
2768;11247572508;
2769;11248519853;
2770;11281280991;
2771;11281280992;
2772;11295917428;Paupe Station SA
2773;11300071656;
2774;11304024244;
2775;11304024245;
2776;11304024246;
2777;11323344293;
2778;11329043056;
2779;11357088237;
2780;11382477014;
2781;11387433445;Bobst
2782;11431991828;
2783;11446164240;
2784;11471042330;
2785;11473182669;
2786;11486230578;
2787;11486230579;Voegtlin-Meyer
2788;11486230581;
2789;11491797795;
2790;11510637922;
2791;11527953025;Garage Loyal
2792;11528384018;AAGL
2793;11530474913;
2794;11531578139;
2795;11577930778;
2796;11660181226;
2797;11662707353;
2798;11669936644;Christen Automobile AG
2799;11696603774;
